<?xml version="1.0" encoding="UTF-8" standalone="yes"?>
<psExtension xmlns="http://www.powerschool.com" xmlns:xsi="http://www.w3.org/2001/XMLSchema-instance" xsi:schemaLocation="http://www.powerschool.com psextension.xsd">
    <extensionname>U_PEAKS</extensionname>
    <extendedTable coreTable="Students" dbTableName="U_PEAKS" comment="">
      <field name="TestType" type="String" length="2"/>
		  <field name="ELA_TTS" type="String" length="2"/>
      <field name="ELA_OTHER" type="String" length="2"/>
      <field name="ELA_AUDIO_CD" type="String" length="2"/>
      <field name="ELA_LARGE_PRINT" type="String" length="2"/>
      <field name="ELA_BRAILLE" type="String" length="2"/>
      <field name="ELA_NON_EMBED" type="String" length="4000"/>
      <field name="MATH_TTS" type="String" length="2"/>
      <field name="MATH_OTHER" type="String" length="2"/>
      <field name="MATH_AUDIO_CD" type="String" length="2"/>
      <field name="MATH_LARGE_PRINT" type="String" length="2"/>
      <field name="MATH_BRAILLE" type="String" length="2"/>
      <field name="MATH_NON_EMBED" type="String" length="4000"/>
      <field name="SCIENCE_TTS" type="String" length="2"/>
      <field name="SCIENCE_OTHER" type="String" length="2"/>
      <field name="SCIENCE_AUDIO_CD" type="String" length="2"/>
      <field name="SCIENCE_LARGE_PRINT" type="String" length="2"/>
      <field name="SCIENCE_BRAILLE" type="String" length="2"/>
		  <field name="SCIENCE_NON_EMBED" type="String" length="4000"/>
    </extendedTable>
    <extendedTable type="standalone" dbTableName="U_PEAKS_DEFAULTS" childName="U_PEAKS_DEFAULTS" comment="">
      <field name="Schoolid" type="Integer"/>
      <field name="TestType" type="String" length="2"/>
  </extendedTable>
</psExtension>
