<?xml version="1.0" encoding="utf-8" standalone="yes"?>
<psExtension xmlns="http://www.powerschool.com" xmlns:xsi="http://www.w3.org/2001/XMLSchema-instance" xsi:schemaLocation="http://www.powerschool.com psextension.xsd">
  <extensionname>U_AKPSUG_AKSTAR</extensionname>
  <extendedTable coreTable="Students" dbTableName="U_AKPSUG_AKSTAR" comment="">
    <field name="ELA_REG_OVERRIDE" type="String" length="2"/>
    <field name="ELA_TTS" type="String" length="2"/>
    <field name="ELA_ASL" type="String" length="2"/>
    <field name="ELA_BRAILLE" type="String" length="2"/>
    <field name="ELA_POD" type="String" length="2"/>
    <field name="ELA_NON_EMBED" type="String" length="2"/>
    <field name="ELA_NOTE" type="String" length="4000"/>
    <field name="ELA_NOT_TESTED" type="String" length="3"/>

    <field name="MA_REG_OVERRIDE" type="String" length="2"/>
    <field name="MA_TTS" type="String" length="2"/>
    <field name="MA_ASL" type="String" length="2"/>
    <field name="MA_BRAILLE" type="String" length="2"/>
    <field name="MA_POD" type="String" length="2"/>
    <field name="MA_NON_EMBED" type="String" length="2"/>
    <field name="MA_NOTE" type="String" length="4000"/>
    <field name="MA_NOT_TESTED" type="String" length="3"/>

    <field name="TEST_SCHOOL_NUMBER" type="String" length="12"/>
    <field name="TEST_SCHOOL_NAME" type="String" length="100"/>
    <field name="TEST_DISTRICT_NUMBER" type="String" length="12"/>
    <field name="TEST_DISTRICT_NAME" type="String" length="100"/>
    <field name="ENROLLED_SCHOOL_NUMBER" type="String" length="12"/>
    <field name="ENROLLED_SCHOOL_NAME" type="String" length="100"/>
    <field name="ENROLLED_DISTRICT_NUMBER" type="String" length="12"/>
    <field name="ENROLLED_DISTRICT_NAME" type="String" length="100"/>

  </extendedTable>
  <extendedTable type="standalone" dbTableName="U_AKPSUG_AKSTAR_PREF" childName="U_AKPSUG_AKSTAR_PREF" comment="">
    <field name="YearID" type="Integer"/>
    <field name="TESTCODE" type="String" length="100"/>
  </extendedTable>
</psExtension>
